USE controle_cd;

INSERT INTO cantor (id_cantor, cantor) VALUES 
(1, 'Aline Barros'),
(2, 'Diante do Trono'),
(3, 'Roberto Carlos'),
(4, 'Luiz Gonzaga'),
(5, 'Ivete Sangalo'),
(6, 'Zezé de Camargo e Luciano'),
(7, 'Roupa Nova'),
(8, 'Legião Urbana');

INSERT INTO categoria (id_categoria, categoria) VALUES 
(1, 'Gospel'),
(2, 'RomÁ¢ntica Clássica'),
(3, 'Forró'),
(4, 'Axé'),
(5, 'Setanejo');

INSERT INTO gravadora (id_gravadora, gravadora, logradouro, bairro, cidade, uf, cep) VALUES
(1, 'Lagoinha','R. Manoel Macedo, 360','Lagoinha', 'Belo Horizonte','MG','31110-490'), 
(2, 'MK Music','Rua Gotemburgo, 211','São Cristóvão', 'Rio de Janeiro','RJ','20941-080'),
(3, 'Sony',NULL,'', NULL,'',''),
(4, 'EMI',NULL,'', '','','');


INSERT INTO cd (id_cd, id_cantor, id_categoria,  titulo,  preco, id_gravadora) VALUES 
(1, 1, 1,  'Acenda a Sua Luz', 20.00, 2),
(2, 1, 1, 'Graça', 15.00, 2),
(3, 2, 1,  'Esperança: Diante do Trono 7: ao Vivo', 25.00, 1),
(4, 2, 1, 'Quero Me Apaixonar: Diante do Trono 6 - Gravação ao Vivo', 16.50, 1),
(5, 2, 1, 'Crianças: Diante do Trono', 13.50, 1),
(6, 2, 1,'Crianças: Diante do Trono: Amigo de Deus', 18.30, 1),
(7, 3, 2, 'Pra Sempre: ao Vivo no Pacaembu', 38.30, 3),
(8, 3, 2, 'Louco Por Você', 25.40, 3),
(9, 3, 2, 'Jovem Guarda', 10.40, 3),
(10,4, 3, 'São João na Roça', 10.40, 4);


/*Aline Barros
Acenda a Sua Luz*/

INSERT INTO musica ( titulo, duracao) VALUES 
('Depois da Cruz', '3min00s'),
('Igual A Ti Não Há', '3min00s'),
('Corre', '3min00s'),
('Tua Presença é o Céu Pra Mim', '3min00s'),
('Grande e Simples', '3min00s'),
('Paulo e Silas', '3min00s'),
('Encontro Perfeito', '3min00s'),
('Ensina-me A Contar', '3min00s'),
('Andar Sobre as Águas', '3min00s'),
('Mergulhar', '3min00s'),
('Valente', '3min00s'),
('A Fé em Ti', '3min00s'),
('Outro Não Há', '3min00s'),

/*Graça*/

('Revolução', '3min00s'),
('Lugar Seguro', '3min00s'),
('Casa do Pai', '3min00s'),
('Profetas Dessa Geração', '3min00s'),
('O Poder da Cruz', '3min00s'),
('Esperança', '3min00s'),
('Tua Palavra (CD Graça)', '3min00s'),
('Entrega /A Deus toda glória (Surrender/ My Tribute)', '3min00s'),
('Santo', '3min00s'),
('Graça', '3min00s'),
('O fogo não descansa (Fire never sleeps)', '3min00s'),
('O Hino (The Anthem)', '3min00s'),
('Sou mais que vencedor', '3min00s'),
('Melhor para mim (Best for me)', '3min00s'),


/*Diante do Trono
Esperança: Diante do Trono 7: ao Vivo */


('Quem é Deus Como o Nosso Deus?', '3min00s'),
('Descanso em Deus', '3min00s'),
('A Cada Manhã', '3min00s'),
('Tua Presença', '3min00s'),
('Quando a Tempestade Vem', '3min00s'),
('Esperança', '3min00s'),
('Meu Filho, Não Temas', '3min00s'),
('Eis-Me Aqui', '3min00s'),
('Isaías 53', '3min00s'),
('Tu és a Minha Coroa', '3min00s'),
('Salvador', '3min00s'),


/*Quero Me Apaixonar: Diante do Trono 6 - Gravação ao Vivo*/

('Manancial Remix', '3min00s'),
('Com Intensidade', '3min00s'),
('Invoco o Senhor', '3min00s'),
('Lugares Altos', '3min00s'),
('Quero Me Apaixonar', '3min00s'),
('Seja o Centro', '3min00s'),
('Quero Tocar-te', '3min00s'),
('Tu és o Cordeiro', '3min00s'),
('Eu Nasci de Novo', '3min00s'),
('História de Amor', '3min00s'),

/*Crianças: Diante do Trono*/

('Narração e Diálogo 1 - Diante do Trono', '3min00s'),
('Autor da Criança - Diante do Trono', '3min00s'),
('Diálogo 2 - Diante do Trono', '3min00s'),
('Aos Olhos do Pai', '3min00s'),
('Diálogo 3', '3min00s'),
('O Amor do Nosso Deus', '3min00s'),
('Diálogo 4 - Diante do Trono', '3min00s'),
('Esconde-Esconde', '3min00s'),
('Diálogo 5 - Diante do Trono', '3min00s'),
('Para Adorar ao Senhor', '3min00s'),
('Diálogo 6', '3min00s'),
('Rap da Família', '3min00s'),
('Diálogo 7 - Diante do Trono', '3min00s'),
('Pequeno Coração', '3min00s'),
('Diálogo 8', '3min00s'),
('Soldado do Rei', '3min00s'),
('Diálogo 9', '3min00s'),
('Á“ Deus!', '3min00s'),
('Diálogo 10 - Diante do Trono', '3min00s'),
('Tudo Bem Numa Boa', '3min00s'),
('Despedida - Diante do Trono', '3min00s'),

/*Crianças: Diante do Trono: Amigo de Deus*/

('Narração - Diante do Trono', '3min00s'),
('Diálogo 1 - Diante do Trono', '3min00s'),
('A-m-i-g-o', '3min00s'),
('Diálogo 2 - Diante do Trono', '3min00s'),
('Jesus, Meu Amigo Melhor', '3min00s'),
('Diálogo 3 - Diante do Trono', '3min00s'),
('Podes Falar, Senhor', '3min00s'),
('Diálogo 4 - Diante do Trono', '3min00s'),
('Amigo de Deus', '3min00s'),
('Diálogo 5 - Diante do Trono', '3min00s'),
('Inimigo do Mal', '3min00s'),
('Diálogo 6', '3min00s'),
('A Bíblia', '3min00s'),
('Diálogo 7 - Diante do Trono', '3min00s'),
('Obedecer', '3min00s'),
('Diálogo 8', '3min00s'),
('Abraão', '3min00s'),
('Diálogo 9', '3min00s'),


/*Roberto Carlos
2005
Sony/BMG

Pra Sempre: ao Vivo no Pacaembu */

('EmoçÁµes', '3min00s'),
('Café da Manhã', '3min00s'),
('Ilegal, Imoral ou Engorda', '3min00s'),
('O Calhambeque', '3min00s'),
('O Cadillac', '3min00s'),
('Acróstico', '3min00s'),
('Olha', '3min00s'),
('Os Seus BotÁµes', '3min00s'),
('Outra Vez', '3min00s'),
('Pra Sempre', '3min00s'),
('Cavalgada', '3min00s'),
('é Preciso Saber Viver', '3min00s'),
('Coração', '3min00s'),
('Jesus Cristo', '3min00s'),
('A Volta', '3min00s'),

/*Louco Por Você */

('Não é Por Mim', '3min00s'),
('Olhando Estrelas (1961)', '3min00s'),
('Só Você', '3min00s'),
('Mr. Sandman', '3min00s'),
('Ser Bem (1961)', '3min00s'),
('Chore Por Mim', '3min00s'),
('Louco Por Você (1961)', '3min00s'),
('Linda (1961)', '3min00s'),
('Chorei', '3min00s'),
('Se Você Gostou (1961)', '3min00s'),
('Solo Per Te', '3min00s'),
('Eternamente', '3min00s'),


/*Jovem Guarda */

('Quero Que Vá Tudo Pro Inferno', '3min00s'),
('Lobo Mau', '3min00s'),
('Coimbra', '3min00s'),
('Sorrindo Para Mim', '3min00s'),
('O Feio', '3min00s'),
('O Velho Homem Do Mar', '3min00s'),
('Eu Te Adoro Meu Amor', '3min00s'),
('Pega Ladrão', '3min00s'),
('Gosto Do Jeitinho Dela', '3min00s'),
('Escreva Uma Carta Meu Amor', '3min00s'),
('Não é Papo Pra Mim', '3min00s'),
('Mexerico Da Candinha', '3min00s'),

/*Luiz Gonzaga
São João na Roça */

('São João Da Roça', '3min00s'),
('Fogueira De São João', '3min00s'),
('Festa No Céu', '3min00s'),
('Olha Pro Céu', '3min00s'),
('Noites Brasileiras', '3min00s'),
('São João Antigo', '3min00s'),
('São João No Arraiá', '3min00s'),
('O Passo Da Rancheira', '3min00s'),
('A Dança Da Moda', '3min00s'),
('Lenda De São João - Luiz Gonzaga', '3min00s'),
('Mané E Zabé', '3min00s'),
('São João Do Carneirinho', '3min00s');


 
INSERT INTO cd_musica (id_cd, id_musica, faixa) VALUES
(1,1,1),
(1,2,2),
(1,3,3),
(1,4,4),
(1,5,5),
(1,6,6),
(1,7,7),
(1,8,8),
(1,9,9),
(1,10,10),
(1,11,11),
(1,12,12),
(1,13,13),
(2,14,1),
(2,15,2),
(2,16,3),
(2,17,4),
(2,18,5),
(2,19,6),
(2,20,7),
(2,21,8),
(2,22,9),
(2,23,10),
(2,24,11),
(2,25,12),
(2,26,13),
(2,27,14),
(3,28,1),
(3,29,2),
(3,30,3),
(3,31,4),
(3,32,5),
(3,33,6),
(3,34,7),
(3,35,8),
(3,36,9),
(3,37,10),
(3,38,11),
(4,39,1),
(4,40,2),
(4,41,3),
(4,42,4),
(4,43,5),
(4,44,6),
(4,45,7),
(4,46,8),
(4,47,9),
(4,48,10),
(5,49,1),
(5,50,2),
(5,51,3),
(5,52,4),
(5,53,5),
(5,54,6),
(5,55,7),
(5,56,8),
(5,57,9),
(5,58,10),
(5,59,11),
(5,60,12),
(5,61,13),
(5,62,14),
(5,63,15),
(5,64,16),
(5,65,17),
(5,66,18),
(5,67,19),
(5,68,20),
(5,69,2),
(6,70,1),
(6,71,2),
(6,72,3),
(6,73,4),
(6,74,5),
(6,75,6),
(6,76,7),
(6,77,8),
(6,78,9),
(6,79,10),
(6,80,11),
(6,81,12),
(6,82,13),
(6,83,14),
(6,84,15),
(6,85,16),
(6,86,17),
(6,87,18),
(7,88,1),
(7,89,2),
(7,90,3),
(7,91,4),
(7,92,5),
(7,93,6),
(7,94,7),
(7,95,8),
(7,96,9),
(7,97,10),
(7,98,11),
(7,99,12),
(7,100,13),
(7,101,14),
(7,102,15),
(8,103,1),
(8,104,2),
(8,105,3),
(8,106,4),
(8,107,5),
(8,108,6),
(8,109,7),
(8,110,8),
(8,111,9),
(8,112,10),
(8,113,11),
(8,114,12),
(9,115,1),
(9,116,2),
(9,117,3),
(9,118,4),
(9,119,5),
(9,120,6),
(9,121,7),
(9,122,8),
(9,123,9),
(9,124,10),
(9,125,11),
(9,126,12),
(10,127,1),
(10,128,2),
(10,129,3),
(10,130,4),
(10,131,5),
(10,132,6),
(10,133,7),
(10,134,8),
(10,135,9),
(10,136,10),
(10,137,11),
(10,138,12);